"Point est.","Upper C.I."
1.00483356525192,1.017530734579
1.02850673265533,1.0858043094555
1.04622999194698,1.13895167608394
1.06355723684509,1.184020908343
