"Point est.","Upper C.I."
1.00352736511154,1.01405917866614
1.03941142339706,1.11624748331826
1.03839473781648,1.1045180302518
1.0251637773974,1.06006212433806
