"Point est.","Upper C.I."
1.00081435719474,1.00327499133271
1.05913517832124,1.17273554193736
1.0357749209039,1.10171393703075
1.03989656898058,1.11846883804872
1.01323878636485,1.03029563630803
