"Point est.","Upper C.I."
1.00515084660493,1.01987733073937
1.0114603221005,1.01405074493696
1.00148572399196,1.00604093476741
1.00422059523741,1.01131322887479
